NOME;EMAIL;IDADE
LywvtIC;wtftSAWDirrHglC@4linux.com.br;47
bMCgIDXX;QvdmXm@4linux.com.br;37
PtyrJwfnNslRJ;aFkUlnFfEdN@4linux.com.br;64
VdjhqHmdpViqDTq;pYRcmXcuchpArZ@4linux.com.br;115
XsfcJCCWCiUBo;QjefcsMNgfhkBD@4linux.com.br;90
wKPJKoZyKUtIz;MeArMMO@4linux.com.br;61
CtOuwFISjgliu;CAGTvxSO@4linux.com.br;100
ozXJzG;FjVyDZKAEoDIyW@4linux.com.br;39
LRdaMgTeF;RwoKCmgdbsq@4linux.com.br;62
dBXkklIkG;IlfkROFUqGUa@4linux.com.br;30
MepkoAKqW;uqTaX@4linux.com.br;31
mDJTPfwPqPP;iBPjRlvSdLWacxM@4linux.com.br;48
QxmCdH;chXrRceHvvAvfRr@4linux.com.br;93
vhHeO;UKbeRMUdu@4linux.com.br;38
iAuAo;aPWFrZOeeKXRTDo@4linux.com.br;75
kYxJWtwD;NtGvUdrccgq@4linux.com.br;88
FZGiTpSl;PxfdBX@4linux.com.br;66
wAUMlo;XGAQWuOdeCj@4linux.com.br;76
qRTGaQhbO;sgUqLuAaTipm@4linux.com.br;55
EpQmmTK;BXQRXDkaieatL@4linux.com.br;27
htCNIQgGap;GRaQcCT@4linux.com.br;116
gWhvqfQL;iEvtNqTdoDIVk@4linux.com.br;45
IWDLXTkfpvvMH;zLWBjpSuMyVa@4linux.com.br;117
TTLvohQIQ;rxKOd@4linux.com.br;45
yImqQegNwHSb;obMdJwmw@4linux.com.br;70
NFCVuy;YrNyMvaF@4linux.com.br;106
ODHtzNmAtBm;DJjZBd@4linux.com.br;40
jwnKUDHeddt;QAkLVP@4linux.com.br;104
kFTTmMyDNhEP;LSjgOBuqSDA@4linux.com.br;115
CAIJvIbvWB;HXNkrdKEjvTRu@4linux.com.br;31
MDKXZ;IQMhRIboJGVSdS@4linux.com.br;63
qPaFwOWOXRlCoo;vJrxdLi@4linux.com.br;42
iQQoQugpIMzPQ;lemBGdX@4linux.com.br;111
ibDJIlwuXxiNe;ajetQjZwOibPniz@4linux.com.br;86
DcPCbLRDopEABoL;IxeKMZD@4linux.com.br;68
SRbEJoJbyN;RqkXfUDlLMWnf@4linux.com.br;103
TbExbZpGgxjj;doYgAhLraxF@4linux.com.br;108
CZfWGaR;lwiDQwrhk@4linux.com.br;120
PXSId;PpWxdshAdgiIrZ@4linux.com.br;79
YykQeoHIShv;BvNknuKTSzBYwaM@4linux.com.br;59
RckhbFEaWBi;UbnjJCiqxVYxd@4linux.com.br;119
WsRCywLDnONlg;NsJjdmmDgJ@4linux.com.br;24
JgxTuDRAZuu;INCUApiGcY@4linux.com.br;28
CkSmOwvPbBOrzvf;tkPsHdNw@4linux.com.br;113
svBMeT;EsasfcQQQBrC@4linux.com.br;116
sXuCVgwaZM;Vegsdo@4linux.com.br;69
kvYezudYp;omSRRKxtblGBtAS@4linux.com.br;104
OVJkkwzMprTqaC;ytbcyyPoOa@4linux.com.br;85
OONqaRtuE;iRxsaKjvmi@4linux.com.br;97
rDQLIQmL;yXKYtmvGDzkOSo@4linux.com.br;29
sAnwgCPRggqm;dMyTg@4linux.com.br;72
PWWTzTIM;wnTLArpsQAHVWu@4linux.com.br;25
eETMQXwIVi;PYdRaF@4linux.com.br;81
wDNdiLXmG;iPADRvDCpRKUh@4linux.com.br;100
PejWXPaBMCFw;doFnUFKLUeVX@4linux.com.br;77
wqTxBKs;ucNwlAMarYncP@4linux.com.br;22
